customer_id,name,age,gender,location,subscription_plan,signup_date,last_login,payment_status,subscription_end,is_churned
1,James Nelson,20.0,Male,North Amanda,Standard,2024-07-21,2024-08-20,Paid,2024-10-21,1
2,Jose Gonzalez,56.0,Male,Darrylmouth,Standard,2023-09-20,2024-02-19,Unpaid,2024-03-20,1
3,Joseph Gonzalez,35.0,Male,Robertmouth,Basic,2024-12-13,2025-01-06,Paid,2025-01-13,1
4,Joseph Ferguson,65.0,Male,Coopermouth,Standard,2024-09-08,2024-09-21,Paid,2024-10-08,1
5,Stephen Lambert,19.0,Female,Nancybury,Premium,2024-03-14,2024-05-09,Unpaid,2024-06-14,1
6,Maureen Stone,21.0,Female,Port Katherineside,Premium,2025-01-08,,Paid,2025-04-08,0
7,Daniel Scott,51.0,Female,New Patty,Premium,2023-09-07,2023-10-06,Unpaid,2023-10-07,1
8,Nicholas Mcneil,21.0,Male,South Amanda,Standard,2024-01-19,2024-02-10,Unpaid,2024-04-19,1
9,Marissa Vazquez,20.0,Male,Lake Saratown,Premium,2024-04-02,2024-07-24,Paid,2024-10-02,1
10,Kathleen Berg,65.0,Male,Melissamouth,Basic,2024-01-13,2024-02-28,Unpaid,2024-04-13,1
11,Henry Petersen,43.0,Male,South Erinport,Premium,2024-07-19,,Paid,2024-10-19,1
12,Miss Regina Fischer,60.0,Female,South Emily,Basic,2023-10-30,2024-01-22,Paid,2024-01-30,1
13,Paul Cook,50.0,Female,Martinezhaven,Standard,2024-01-26,2024-03-23,Paid,2024-04-26,1
14,Dakota Taylor,50.0,Male,Antonioton,Premium,2023-11-07,2024-02-20,Unpaid,2024-05-07,1
15,Monica Page,42.0,Female,Lake Brian,Basic,2023-11-16,2024-02-07,Unpaid,2024-05-16,1
16,Diamond Ford,33.0,Male,North Cynthia,Premium,2024-10-21,,Paid,2025-10-21,0
17,Lynn Thompson,51.0,Female,East Barbaraberg,Standard,2024-05-02,2024-06-13,Paid,2024-08-02,1
18,Angela Randolph,59.0,Male,New Katherineshire,Standard,2024-09-12,2024-10-01,Paid,2024-12-12,1
19,Roberto Lee,32.0,Male,Smithfort,Premium,2023-12-30,2024-02-23,Unpaid,2024-03-30,1
20,Joseph Freeman,19.0,Female,Dustinland,Basic,2023-10-01,2024-07-29,Unpaid,2024-10-01,1
21,Edward Rodriguez PhD,60.0,Male,Morrisport,Standard,2023-05-25,2023-09-27,Unpaid,2023-11-25,1
22,Melanie Lynch,24.0,Male,North Katiechester,Standard,2024-09-04,2024-09-18,Paid,2024-10-04,1
23,Deborah Clark,27.0,Male,North Desiree,Premium,2023-02-21,2023-03-13,Unpaid,2023-05-21,1
24,Heather Montes,27.0,Male,East Jeffrey,Basic,2023-07-14,2023-09-30,Paid,2023-10-14,1
25,Mary Andrews,64.0,Male,Paulafort,Premium,2024-12-28,2025-10-30,Paid,2025-12-28,0
26,Marc Lee,24.0,Female,,Standard,2023-07-24,2023-08-01,Unpaid,2023-08-24,1
27,Karen May,61.0,Female,Allenstad,Standard,2024-04-26,2024-05-19,Paid,2024-07-26,1
28,Daniel Barron,46.0,Male,Haydenhaven,Standard,2024-09-13,2024-09-18,Paid,2024-10-13,1
29,Kaitlin Mann,57.0,Female,Jamesport,Basic,2023-11-20,2024-01-18,Paid,2024-02-20,1
30,Thomas George,35.0,Male,Clarkport,Premium,2024-11-26,2025-05-24,Paid,2025-05-26,0
31,Carol Newman,62.0,Female,Jamestown,Standard,2023-12-02,2024-03-15,Paid,2024-06-02,1
32,Dana Anderson,47.0,Male,Levyburgh,Premium,2024-05-01,,Paid,2024-08-01,1
33,Cheryl Murray,39.0,Female,Berghaven,Premium,2023-12-06,2023-12-09,Unpaid,2024-01-06,1
34,Thomas Brown,40.0,Female,East Cassandraberg,Standard,2023-04-22,2023-05-06,Paid,2023-07-22,1
35,Joseph Mcknight,24.0,Male,Olsenhaven,Standard,2024-09-04,2024-12-08,Paid,2025-03-04,0
36,Robert Brady,43.0,Female,Sharonmouth,Basic,2023-08-22,2023-11-02,Paid,2023-11-22,1
37,Thomas Johnson,31.0,Female,Port Kristinaland,Basic,2024-04-28,2024-10-01,Paid,2025-04-28,0
38,Roberto Kennedy,37.0,Male,New Carloshaven,Standard,2023-06-06,,Paid,2024-06-06,1
39,Lisa Coleman,57.0,Female,West Daniel,Standard,2023-02-17,2023-03-19,Unpaid,2024-02-17,1
40,Tina Johnston,56.0,Male,Hinesport,Basic,2023-11-03,2024-04-22,Unpaid,2024-05-03,1
41,Maria Woodward,41.0,Male,Terrimouth,Premium,2023-10-12,,Unpaid,2023-11-12,1
42,Ricky Miller,65.0,Male,Hollandfurt,Basic,2023-07-28,2024-06-26,Paid,2024-07-28,1
43,Michelle Williams,23.0,Female,New Thomasborough,Premium,2024-03-18,2024-07-06,Paid,2025-03-18,0
44,Kristin Garcia,,Female,East Alexandria,Premium,2023-07-19,2023-08-11,Paid,2023-08-19,1
45,Taylor Harris,45.0,Male,Martinburgh,Standard,2024-10-18,2024-11-17,Unpaid,2024-11-18,1
46,Robert Morgan,39.0,Female,Danielville,Basic,2024-05-13,2025-02-08,Paid,2025-05-13,0
47,Sherri Wong,30.0,Female,New Jacob,Basic,2023-10-28,2024-02-04,Unpaid,2024-04-28,1
48,Nicole Coleman,29.0,Male,Scottmouth,Basic,2023-04-01,2023-04-04,Paid,2023-10-01,1
49,Ronald Gordon Jr.,52.0,Male,Joneshaven,Basic,2023-10-09,2024-04-02,Paid,2024-04-09,1
50,Elizabeth Mendoza,41.0,Female,North Larry,Premium,2024-07-17,2024-09-18,Paid,2024-10-17,1
51,Melissa Rodriguez,23.0,Male,Lake Jennifer,Basic,2024-07-07,2024-07-17,Paid,2024-08-07,1
52,Daniel Lucero,44.0,Male,West James,Standard,2023-09-26,2024-05-06,Paid,2024-09-26,1
53,Kellie Matthews,53.0,Male,Coxmouth,Premium,2024-07-16,2025-04-10,Paid,2025-07-16,0
54,Catherine Griffin,31.0,Male,Mackport,Standard,2024-09-17,2024-11-01,Paid,2025-03-17,0
55,John Duke,46.0,Female,Port Catherine,Premium,2023-09-19,2023-11-10,Paid,2024-03-19,1
56,Ashley Soto,20.0,Female,New Stephanieville,Basic,2024-08-31,2024-09-07,Unpaid,2024-09-30,1
57,Robin Mccoy,59.0,Male,Port Edward,Premium,2023-06-10,2024-05-31,Unpaid,2024-06-10,1
58,Charles Sherman,48.0,Female,New Austinmouth,Basic,2023-05-26,2023-06-21,Paid,2023-06-26,1
59,Carl Young,26.0,Male,Port Charlesside,Basic,2024-02-14,2024-07-07,Paid,2025-02-14,0
60,Casey Aguirre,52.0,Male,North Adamborough,Premium,2024-03-31,2024-11-08,Paid,2025-03-31,0
61,Christopher Aguilar,51.0,Male,North Erin,Basic,2024-02-09,2024-02-09,Paid,2024-03-09,1
62,Melissa Baker,32.0,Male,Karaside,Premium,2024-01-12,2024-02-05,Paid,2024-02-12,1
63,Theresa George,63.0,Female,South Sarah,Basic,2025-01-09,2025-01-24,Paid,2025-07-09,0
64,Cassandra Pham,20.0,Male,Mosschester,Basic,2024-01-04,2024-03-10,Unpaid,2024-04-04,1
65,William Snow,23.0,Female,South Matthew,Basic,2024-04-12,2024-04-18,Paid,2024-05-12,1
66,Christopher Gonzalez,31.0,Female,South Dawnchester,Premium,2024-07-21,2024-07-29,Paid,2024-08-21,1
67,Wesley Edwards,,Female,Marcusburgh,Standard,2024-05-17,2024-07-30,Unpaid,2024-11-17,1
68,Valerie Christensen,23.0,Female,New Matthewstad,Standard,2024-12-08,2025-02-27,Paid,2025-12-08,0
69,Amy Tucker,,Male,West Michael,Premium,2024-07-31,2024-10-12,Paid,2024-10-31,1
70,Michael Murray,32.0,Male,Lisamouth,Basic,2023-04-28,2023-05-08,Paid,2023-07-28,1
71,Larry Phillips,29.0,Male,Dickersonton,Standard,2024-10-11,2025-09-07,Paid,2025-10-11,0
72,Allison Bell,46.0,Female,Susanburgh,Standard,2023-05-15,2023-07-15,Unpaid,2024-05-15,1
73,Michele Anderson,24.0,Female,South Phyllisfort,Standard,2025-01-14,2025-11-17,Paid,2026-01-14,0
74,Amy Ramos,19.0,Male,Andrewville,Premium,2023-04-24,2023-08-16,Paid,2023-10-24,1
75,Mario Howell,37.0,Male,New Kellymouth,Standard,2023-09-02,2023-11-04,Unpaid,2024-09-02,1
76,Cynthia Norris,,Male,East Sean,Standard,2024-10-26,2024-12-18,Paid,2025-01-26,1
77,Gary Terry,63.0,Female,Calvinmouth,Standard,2023-03-14,2023-09-01,Paid,2024-03-14,1
78,Eric Scott,22.0,Female,Melissaton,Basic,2024-09-21,2025-01-20,Paid,2025-03-21,0
79,Parker Larsen,46.0,Female,Jonesview,Standard,2024-04-03,2024-12-15,Paid,2025-04-03,0
80,Sarah Lopez,24.0,Female,Jessicafort,Premium,2024-11-05,,Unpaid,2025-02-05,1
81,Thomas Wilson,60.0,Female,New Kimberly,Premium,2023-10-15,2024-05-16,Unpaid,2024-10-15,1
82,Joyce Cole,32.0,Female,New Angela,Basic,2024-11-05,2024-12-28,Paid,2025-02-05,1
83,Kristi Garcia,42.0,Female,Browntown,Basic,2023-08-10,2024-01-21,Paid,2024-08-10,1
84,Shane Holt,41.0,Male,Lake Andreaton,Standard,2024-05-27,2024-11-13,Paid,2025-05-27,0
85,Dorothy Jackson,26.0,Female,South Tanya,Premium,2023-11-22,2024-04-15,Paid,2024-05-22,1
86,Andrew Williams,18.0,Male,South Nicoleville,Standard,2023-12-02,2024-08-29,Unpaid,2024-12-02,1
87,Stephanie Jackson,27.0,Male,Garciaview,Basic,2024-09-06,2024-11-26,Unpaid,2024-12-06,1
88,Kenneth Miller,39.0,Male,Port Andrewmouth,Basic,2024-06-01,2024-06-17,Unpaid,2024-07-01,1
89,Sheila Sullivan,43.0,Female,Debrastad,Standard,2023-10-22,2024-08-23,Unpaid,2024-10-22,1
90,Faith Tucker,28.0,Male,Jamesfort,Basic,2024-04-12,2024-07-26,Paid,2025-04-12,0
91,Christopher Barajas,48.0,Male,Karenmouth,Standard,2024-07-06,2024-07-12,Paid,2024-10-06,1
92,Scott Erickson,41.0,Female,West Heather,Premium,2024-08-25,2024-09-13,Unpaid,2024-09-25,1
93,Kelly Smith,33.0,Male,Evansside,Standard,2023-06-14,2023-06-17,Paid,2023-07-14,1
94,Bonnie Dunn,45.0,Male,Christopherhaven,Basic,2023-06-14,2023-09-02,Unpaid,2023-09-14,1
95,Lisa Smith,24.0,Female,,Premium,2023-11-09,2024-10-14,Paid,2024-11-09,1
96,Edward Jones,63.0,Female,North Keithberg,Premium,2024-12-05,2024-12-08,Paid,2025-12-05,0
97,Mallory Charles,51.0,Female,South Rachelport,Premium,2024-11-16,2024-12-07,Paid,2025-02-16,0
98,Ruben Johnson,55.0,Female,Richardbury,Premium,2023-08-29,2023-09-07,Unpaid,2023-09-29,1
99,Marcia Perry,44.0,Female,Belltown,Standard,2024-08-25,2025-03-26,Paid,2025-08-25,0
100,Kathryn Smith,33.0,Male,Clarkstad,Standard,2024-02-23,,Unpaid,2024-08-23,1
101,Sean Haynes,36.0,Female,Danielmouth,Standard,2024-10-01,2024-11-07,Paid,2025-04-01,0
102,Reginald Martin,37.0,Male,Natalieburgh,Standard,2024-03-14,2024-03-19,Paid,2025-03-14,0
103,Christine Conrad,21.0,Male,West Jessica,Premium,2023-09-08,2024-03-16,Paid,2024-09-08,1
104,Richard Moss,38.0,Female,Davisstad,Premium,2024-10-25,2025-10-06,Paid,2025-10-25,0
105,Ellen Lee,39.0,Male,South Daniellefurt,Basic,2024-03-09,2024-03-12,Unpaid,2024-04-09,1
106,Daniel Reynolds,37.0,Male,Crystalstad,Premium,2023-12-10,,Unpaid,2024-01-10,1
107,Jennifer Terry,42.0,Male,Patrickville,Standard,2024-02-21,2024-04-23,Paid,2024-05-21,1
108,Dr. Rebecca Parker MD,54.0,Female,Port Kevinborough,Standard,2024-01-10,,Paid,2024-02-10,1
109,Jennifer Cohen,65.0,Male,East Heatherfurt,Basic,2024-04-18,2024-05-04,Unpaid,2024-07-18,1
110,Amanda Harrington,43.0,Female,New Roger,Basic,2024-06-01,2024-08-08,Unpaid,2024-09-01,1
111,Michael Harrington,22.0,Male,Meganburgh,Basic,2023-02-21,2023-05-02,Paid,2023-05-21,1
112,Jared Tucker,49.0,Male,Pageland,Standard,2024-07-14,2024-12-31,Unpaid,2025-01-14,1
113,James Hawkins,42.0,Female,South Amybury,Premium,2023-10-02,2024-01-15,Paid,2024-04-02,1
114,Devin Horn,58.0,Female,Lake Christopherfurt,Premium,2023-10-16,2024-03-31,Unpaid,2024-04-16,1
115,Wanda Preston,54.0,Female,South Bobby,Standard,2025-01-05,2025-01-18,Paid,2025-07-05,0
116,Eric Edwards Jr.,19.0,Male,South Jessicaville,Basic,2023-08-01,2023-08-30,Paid,2023-09-01,1
117,Zachary Ramos,35.0,Female,South Todd,Premium,2024-04-02,2024-04-11,Unpaid,2024-05-02,1
118,Timothy Osborn,,Male,Gallegosfort,Premium,2023-06-08,2023-08-24,Paid,2024-06-08,1
119,Karen Martinez,51.0,Male,Lake Adam,Basic,2024-07-01,2024-12-29,Paid,2025-01-01,1
120,Charles Peterson,25.0,Female,Catherineburgh,Standard,2024-10-14,,Unpaid,2024-11-14,1
121,Andrew Ford,39.0,Male,Kimberlyshire,Premium,2023-10-08,2023-11-07,Paid,2023-11-08,1
122,Mr. Michael Reed IV,48.0,Female,North Kevinville,Premium,2023-12-29,2024-07-11,Unpaid,2024-12-29,1
123,Kevin Carter,47.0,Male,Lake Cathy,Premium,2023-11-04,2023-12-10,Unpaid,2024-05-04,1
124,Sarah Weiss,60.0,Male,Larryhaven,Premium,2023-10-04,2023-12-17,Unpaid,2024-10-04,1
125,Carrie Barker,18.0,Female,East Williamshire,Standard,2023-07-27,2023-08-07,Paid,2023-08-27,1
126,Jennifer Harris,30.0,Female,Jaredhaven,Standard,2024-06-06,2024-06-18,Paid,2024-07-06,1
127,Ian Obrien,26.0,Female,North Justintown,Premium,2023-03-21,2023-08-23,Unpaid,2023-09-21,1
128,Madeline Hill,27.0,Male,Lake Jennifer,Premium,2024-01-20,2024-04-14,Paid,2025-01-20,1
129,Wesley Knight,41.0,Male,Sharpmouth,Basic,2023-04-18,2023-05-01,Paid,2023-05-18,1
130,Jordan Montgomery,46.0,Male,Port Nicholas,Premium,2024-06-03,2025-05-11,Paid,2025-06-03,0
131,Jacqueline Garcia,57.0,Female,Port Rebeccaville,Standard,2023-07-01,2024-05-11,Paid,2024-07-01,1
132,Sean Williams,20.0,Male,Josephhaven,Basic,2024-08-21,2024-10-17,Unpaid,2024-11-21,1
133,Joshua Collins,46.0,Female,Kirktown,Premium,2024-10-23,2024-12-04,Paid,2025-01-23,1
134,Kimberly Brown,25.0,Male,New Brianbury,Standard,2024-03-23,2024-08-21,Paid,2024-09-23,1
135,Mr. Robert Turner DVM,62.0,Female,New Sarahaven,Premium,2024-08-01,2024-08-05,Paid,2024-11-01,1
136,William Waters,43.0,Female,North Christina,Standard,2023-12-21,2024-01-20,Paid,2024-03-21,1
137,Dana Williams,48.0,Female,Gutierreztown,Standard,2024-04-20,2024-04-24,Unpaid,2024-05-20,1
138,Anna Hernandez,24.0,Male,Lake Travisview,Premium,2023-04-30,,Unpaid,2023-05-30,1
139,Michael Hahn,33.0,Female,New Lynn,Premium,2024-12-08,2025-03-22,Paid,2025-06-08,0
140,Melissa Robinson,62.0,Female,Lindaberg,Standard,2023-04-07,2023-05-02,Paid,2023-05-07,1
141,Michael Morrison,39.0,Female,Port Claire,Premium,2023-06-01,2023-06-17,Paid,2023-07-01,1
142,Jessica Hall,28.0,Female,Deleonhaven,Basic,2024-08-31,2024-09-19,Paid,2024-09-30,1
143,Dylan Smith,48.0,Female,Port Annehaven,Basic,2024-10-17,2024-10-28,Paid,2024-11-17,1
144,Joshua Mercer,65.0,Female,Port Kevinshire,Premium,2024-07-27,2024-09-10,Unpaid,2024-10-27,1
145,Brianna Day,51.0,Male,Diazchester,Premium,2023-12-08,2024-02-02,Unpaid,2024-12-08,1
146,Raymond Hogan,54.0,Male,Port Jennaport,Standard,2023-08-20,2023-12-30,Unpaid,2024-08-20,1
147,Damon Garcia,26.0,Male,Shannonberg,Basic,2024-04-21,2024-05-10,Unpaid,2024-10-21,1
148,Emily Taylor,26.0,Female,Taylorstad,Basic,2023-07-02,,Paid,2023-10-02,1
149,Angela Kirby,45.0,Male,Gabrielfort,Standard,2024-07-31,2025-07-19,Paid,2025-07-31,0
150,Brandon Figueroa,25.0,Male,Port Stephanie,Basic,2023-08-10,2023-11-04,Unpaid,2024-08-10,1
151,Keith Gordon,35.0,Female,South Jason,Premium,2024-08-08,2024-10-25,Unpaid,2024-11-08,1
152,Laurie Turner,24.0,Female,New Austinbury,Premium,2024-09-26,2024-10-05,Paid,2024-12-26,1
153,John Ortiz,44.0,Male,,Basic,2024-02-23,2024-03-29,Unpaid,2024-05-23,1
154,Kayla Jones,41.0,Male,Port Christopher,Premium,2024-10-26,2025-01-08,Paid,2025-01-26,1
155,Anthony Walker,63.0,Female,New Isabella,Premium,2023-07-11,2023-07-27,Paid,2023-08-11,1
156,Jennifer Brown,31.0,Male,,Standard,2023-09-27,2023-10-07,Unpaid,2023-10-27,1
157,Dr. Jared West,20.0,Female,North Timothy,Standard,2024-07-02,,Unpaid,2024-10-02,1
158,Kristin Chambers,28.0,Male,East Thomasfurt,Premium,2024-11-23,2025-02-21,Paid,2025-05-23,0
159,Michael Walker,57.0,Female,South Christy,Premium,2023-09-08,2024-01-31,Paid,2024-03-08,1
160,Elizabeth Carter,62.0,Male,,Premium,2024-01-13,2024-02-12,Unpaid,2024-02-13,1
161,Michael Livingston,45.0,Male,Elizabethborough,Basic,2024-10-05,2024-10-09,Paid,2024-11-05,1
162,Jonathan Barnes,40.0,Male,New Jessica,Premium,2024-02-22,2024-03-21,Paid,2025-02-22,0
163,Dennis Thompson,24.0,Male,Jameston,Premium,2023-12-14,2023-12-14,Paid,2024-01-14,1
164,Carlos Davis,33.0,Female,Manuelview,Premium,2024-08-11,2024-10-16,Unpaid,2024-11-11,1
165,Michelle Frazier,52.0,Male,Sharonmouth,Basic,2024-12-19,2025-01-09,Paid,2025-01-19,1
166,Ann Lee,,Male,Powellborough,Standard,2024-07-31,2024-09-15,Unpaid,2024-10-31,1
167,Michael Jones,59.0,Male,Parkerbury,Standard,2024-11-15,2024-12-12,Paid,2025-05-15,0
168,Donald Beard,60.0,Female,West Seanport,Standard,2023-05-19,,Paid,2023-11-19,1
169,Susan Molina,62.0,Female,Patriciashire,Standard,2023-05-14,2023-12-07,Paid,2024-05-14,1
170,Jasmine Duke,53.0,Male,Jenkinsbury,Standard,2023-10-31,2023-11-13,Unpaid,2024-04-30,1
171,Victoria Williams MD,36.0,Female,Copelandberg,Basic,2023-11-05,2024-01-07,Paid,2024-02-05,1
172,Michael Clark,28.0,Male,West Nicolehaven,Premium,2023-10-02,2023-10-12,Paid,2024-10-02,1
173,Christopher Richardson,32.0,Male,Port Jenniferside,Premium,2023-03-28,2023-03-29,Paid,2023-04-28,1
174,Angela Cisneros,34.0,Male,Johnview,Standard,2023-07-30,2023-08-05,Paid,2023-08-30,1
175,John Carter,52.0,Male,Pittsborough,Basic,2024-08-21,2024-09-16,Paid,2024-09-21,1
176,Paul Cherry,61.0,Female,Sarahberg,Premium,2023-11-10,2023-11-17,Unpaid,2023-12-10,1
177,James Hughes,58.0,Male,Molinahaven,Standard,2024-11-30,,Paid,2025-11-30,0
178,Austin Gilbert,44.0,Female,Fisherview,Standard,2023-11-24,,Unpaid,2024-05-24,1
179,Angela Lindsey,48.0,Male,West Jillfort,Standard,2024-02-09,2024-06-01,Paid,2025-02-09,0
180,Kayla Powell,61.0,Female,Kaylaberg,Basic,2023-10-30,2024-04-09,Unpaid,2024-04-30,1
181,James Rowe,25.0,Male,New Jesushaven,Standard,2024-08-07,2025-07-30,Paid,2025-08-07,0
182,Tyler Sanchez,62.0,Female,Gonzaleztown,Premium,2024-04-14,,Unpaid,2024-07-14,1
183,Stephanie Hayes,40.0,Male,Castroburgh,Standard,2023-12-01,2023-12-28,Unpaid,2024-01-01,1
184,Kyle Jordan,33.0,Male,New Kelly,Basic,2023-04-28,2023-05-07,Paid,2023-05-28,1
185,Dylan Becker,22.0,Female,Port Walter,Premium,2025-02-05,2025-02-10,Paid,2025-05-05,0
186,Aaron Morris,58.0,Female,Mindymouth,Basic,2023-11-21,2024-01-06,Unpaid,2024-11-21,1
187,Olivia Moreno,58.0,Male,Wellschester,Premium,2024-09-09,2025-08-29,Paid,2025-09-09,0
188,Jamie Bradford,56.0,Female,Howefort,Standard,2024-02-01,2024-12-07,Paid,2025-02-01,1
189,Christopher Williams,34.0,Male,Baileymouth,Standard,2023-06-19,2023-07-10,Paid,2023-07-19,1
190,Michael Johnson,33.0,Female,Greentown,Basic,2024-10-05,2024-11-22,Paid,2025-04-05,0
191,Frank Thompson,36.0,Male,South Kayla,Premium,2023-09-02,2023-11-15,Paid,2024-03-02,1
192,Amanda Wong,,Female,Port Davidland,Standard,2023-07-31,2023-10-18,Unpaid,2023-10-31,1
193,Kathleen Martinez,32.0,Male,,Standard,2023-10-16,2024-03-09,Unpaid,2024-04-16,1
194,Eric Williams,65.0,Male,East Jeffreyfurt,Basic,2024-01-10,2024-01-22,Paid,2024-02-10,1
195,Steve Willis,56.0,Female,Port Jenniferstad,Standard,2023-11-01,2024-01-23,Unpaid,2024-11-01,1
196,Tammy Wilkinson,23.0,Male,Kennethmouth,Basic,2024-03-27,2024-04-21,Paid,2024-04-27,1
197,Richard Diaz,40.0,Male,North Ashlee,Standard,2023-04-16,2023-10-16,Unpaid,2024-04-16,1
198,Dillon Huber,63.0,Male,South Diane,Premium,2023-06-23,2023-08-17,Unpaid,2024-06-23,1
199,Madison Ward,28.0,Female,Holderberg,Standard,2023-05-25,,Unpaid,2023-11-25,1
200,Erin Orozco,36.0,Female,New Richard,Basic,2023-09-09,2024-01-19,Unpaid,2024-03-09,1
201,Lauren Christensen,40.0,Male,Lake Kellyville,Basic,2024-06-24,,Unpaid,2024-07-24,1
202,Kristen Mccoy,18.0,Female,Beasleyport,Premium,2024-07-20,,Paid,2024-10-20,1
203,Jacqueline Gomez,60.0,Male,New Mary,Premium,2023-04-29,2023-05-12,Unpaid,2023-07-29,1
204,Dustin Fields,28.0,Male,Port Kimberly,Basic,2025-02-02,2025-02-06,Paid,2025-03-02,0
205,Paul Cooper,40.0,Female,Hughestown,Premium,2024-04-08,2024-09-12,Paid,2025-04-08,0
206,Kerry Cortez,64.0,Male,West Christopher,Standard,2024-12-27,2025-01-11,Paid,2025-01-27,1
207,Samantha Cooper,55.0,Female,Randyfort,Standard,2023-04-26,2023-11-17,Paid,2024-04-26,1
208,Victoria Smith,64.0,Female,South Emily,Standard,2024-04-12,2025-03-07,Paid,2025-04-12,0
209,Kimberly Wolfe PhD,57.0,Female,South David,Premium,2023-06-08,2023-07-14,Paid,2023-09-08,1
210,Adam Stokes,21.0,Male,Delgadotown,Basic,2023-08-20,2023-09-19,Unpaid,2023-09-20,1
211,Danielle Cunningham,22.0,Male,Cabrerachester,Premium,2023-12-05,2023-12-27,Unpaid,2024-12-05,1
212,Lauren Velazquez,54.0,Female,Lake Megan,Premium,2024-05-11,2024-09-06,Paid,2024-11-11,1
213,Barry Wade,22.0,Female,West Amandafort,Standard,2023-09-27,2024-06-12,Paid,2024-09-27,1
214,John Ritter,19.0,Male,New Jameshaven,Premium,2023-11-24,2023-12-17,Unpaid,2023-12-24,1
215,Ashley Friedman,41.0,Male,South Christine,Standard,2024-01-15,2024-10-07,Unpaid,2025-01-15,1
216,Anna Haynes,65.0,Female,Rosemouth,Premium,2023-05-15,2023-07-04,Paid,2024-05-15,1
217,Travis Schwartz,24.0,Female,South Christophertown,Standard,2023-07-05,,Unpaid,2023-10-05,1
218,Jenny Bauer,55.0,Male,South Allen,Basic,2024-10-15,2024-10-18,Paid,2024-11-15,1
219,Blake Wagner,44.0,Male,Devinside,Premium,2024-09-28,2024-10-06,Unpaid,2024-12-28,1
220,John Clark,20.0,Female,Lawrenceborough,Standard,2023-04-30,2023-09-21,Paid,2023-10-30,1
221,William Daniel,18.0,Male,South Taylor,Premium,2023-04-03,2023-05-02,Unpaid,2023-05-03,1
222,Edwin Poole,29.0,Female,South Angelaberg,Standard,2024-08-01,2024-08-15,Paid,2024-09-01,1
223,Bryan Diaz,27.0,Male,New Kathy,Standard,2023-10-06,2023-10-17,Unpaid,2023-11-06,1
224,Jonathan Lewis,25.0,Male,Andreside,Premium,2023-04-27,2023-10-13,Unpaid,2024-04-27,1
225,Lisa Jennings,46.0,Male,Jacksonside,Basic,2023-11-12,2023-12-13,Unpaid,2024-11-12,1
226,Jackson Morrow,61.0,Female,Millerfort,Premium,2023-05-18,2024-01-16,Paid,2024-05-18,1
227,Jeffrey Morris,,Male,Martinezbury,Standard,2023-03-26,2023-07-09,Unpaid,2023-09-26,1
228,James Harrison,47.0,Male,,Standard,2023-09-28,2023-10-10,Unpaid,2023-10-28,1
229,James Castro,28.0,Male,Olsenland,Premium,2023-07-03,2023-07-14,Paid,2023-08-03,1
230,Jessica Schmidt,34.0,Male,East Josephborough,Standard,2025-02-02,2025-02-23,Paid,2025-03-02,0
231,Sara Taylor,,Male,New Lisaborough,Premium,2024-10-20,2024-10-25,Unpaid,2024-11-20,1
232,Alan Bryant,45.0,Male,West Eric,Basic,2023-02-21,2023-07-29,Unpaid,2023-08-21,1
233,Joshua Glover,26.0,Male,Marthafort,Premium,2023-06-20,2023-08-21,Unpaid,2024-06-20,1
234,Nicholas Jones,35.0,Male,Torresville,Basic,2024-12-01,2024-12-29,Paid,2025-03-01,0
235,Catherine Burch,42.0,Female,South Timothyfurt,Standard,2024-10-02,,Paid,2025-10-02,0
236,Kevin Pearson,61.0,Female,Brianastad,Standard,2024-04-02,2024-06-19,Paid,2024-10-02,1
237,Jamie Johnson,40.0,Female,North Emmaside,Premium,2025-02-02,,Paid,2026-02-02,0
238,Cindy Snyder,30.0,Female,South Hannahshire,Premium,2023-03-25,2023-04-03,Unpaid,2023-04-25,1
239,Robert Baker,,Female,Port Michael,Standard,2024-05-24,2024-06-08,Paid,2024-06-24,1
240,Alexander Poole,49.0,Female,Atkinsonborough,Premium,2024-06-09,2024-06-13,Unpaid,2024-07-09,1
241,John Leonard,26.0,Female,Victoriachester,Basic,2025-01-28,2025-05-29,Paid,2025-07-28,0
242,Lisa York,38.0,Male,East Robertborough,Standard,2024-02-05,2024-12-05,Unpaid,2025-02-05,1
243,Corey Hurst,43.0,Male,Bryantton,Premium,2023-07-14,2024-05-04,Paid,2024-07-14,1
244,James Moore,32.0,Female,East Susanton,Premium,2023-02-11,2023-04-11,Paid,2023-05-11,1
245,Deborah Romero,27.0,Female,East Kyletown,Basic,2024-12-28,2025-03-25,Paid,2025-03-28,0
246,David Hill,37.0,Female,East Matthewmouth,Premium,2024-06-04,2024-06-27,Paid,2024-12-04,1
247,Karen Fox MD,36.0,Female,Port Barbara,Standard,2024-10-31,2025-04-18,Paid,2025-04-30,0
248,Ethan Rivera,56.0,Female,Port Hannahborough,Premium,2023-07-06,2023-07-18,Paid,2023-10-06,1
249,Ryan Werner,55.0,Male,West Johnbury,Standard,2023-05-12,2023-06-03,Paid,2023-06-12,1
250,Kristopher Scott,53.0,Male,Mcdonaldtown,Basic,2023-08-12,2024-01-04,Unpaid,2024-08-12,1
251,Jeff Page,48.0,Female,,Standard,2024-05-09,2024-05-21,Paid,2024-08-09,1
252,Taylor Miller,61.0,Female,South Christopher,Premium,2024-12-04,2025-05-01,Paid,2025-12-04,0
253,Tiffany Garcia,53.0,Female,Lake Jonathanhaven,Standard,2024-11-20,2025-05-16,Paid,2025-11-20,0
254,Beth Wells,38.0,Male,Lake Stacey,Standard,2024-09-04,2025-02-15,Paid,2025-09-04,0
255,Bruce Hunt,44.0,Male,Timothybury,Basic,2024-05-22,2024-06-02,Unpaid,2024-08-22,1
256,Joel Proctor,42.0,Male,Hernandezland,Standard,2024-03-11,2024-04-01,Unpaid,2024-04-11,1
257,Scott Hayes,,Female,South Jeffrey,Basic,2024-02-18,2024-03-07,Paid,2024-03-18,1
258,Kenneth Hawkins,24.0,Female,Amberhaven,Standard,2023-05-07,,Unpaid,2023-06-07,1
259,Jeff Clarke,31.0,Female,Jennamouth,Standard,2023-09-08,2023-09-15,Paid,2023-10-08,1
260,Lisa Campbell MD,31.0,Female,Flynnton,Premium,2023-11-24,2023-12-10,Paid,2023-12-24,1
261,Daniel Snyder,55.0,Male,Nashport,Premium,2024-11-30,2024-12-30,Paid,2025-02-28,0
262,Michael Moore,18.0,Female,Villegasstad,Basic,2023-11-19,2024-02-11,Paid,2024-02-19,1
263,Ruth Martin,60.0,Male,New Johnburgh,Standard,2023-11-17,2024-06-24,Unpaid,2024-11-17,1
264,James Gomez,52.0,Male,Martinstad,Premium,2023-05-17,2023-06-19,Paid,2023-08-17,1
265,Jessica Duarte,52.0,Female,Owenshaven,Standard,2024-11-19,2025-04-19,Paid,2025-05-19,0
266,John Turner,21.0,Male,Jameschester,Basic,2024-04-03,2024-05-16,Unpaid,2024-10-03,1
267,Jacob Tapia,42.0,Male,Lewisborough,Premium,2024-03-09,2024-03-25,Paid,2024-09-09,1
268,Eric Marshall,63.0,Female,East Carolberg,Premium,2024-08-30,2024-08-31,Unpaid,2024-09-30,1
269,Ralph Davis,45.0,Male,New Nancy,Basic,2024-11-09,2024-11-14,Paid,2024-12-09,1
270,Kristopher Avery,65.0,Female,East Shawn,Basic,2024-10-11,2024-10-21,Paid,2025-10-11,0
271,Ryan Faulkner,51.0,Male,Reynoldschester,Premium,2024-09-11,2025-02-18,Paid,2025-03-11,0
272,Shane Rice,24.0,Male,Lindsaymouth,Standard,2023-09-16,2024-06-07,Unpaid,2024-09-16,1
273,Erin Young,36.0,Female,Lisabury,Basic,2023-08-22,2024-07-03,Paid,2024-08-22,1
274,Jennifer Green,19.0,Male,North Bryanhaven,Basic,2023-03-24,2024-03-23,Unpaid,2024-03-24,1
275,Carlos Clark,56.0,Male,West Katrinaside,Standard,2023-06-09,2023-06-26,Unpaid,2023-12-09,1
276,Tanya Parker,37.0,Male,Sullivanburgh,Basic,2024-04-27,2024-07-10,Paid,2025-04-27,0
277,Crystal Owens,47.0,Male,Tannerland,Premium,2024-06-07,2024-06-18,Unpaid,2024-07-07,1
278,Christian Hansen,61.0,Female,Monicafurt,Basic,2023-07-05,2024-06-22,Paid,2024-07-05,1
279,Amanda Lopez DDS,34.0,Male,Lake Aaron,Premium,2024-07-16,2024-08-11,Paid,2024-08-16,1
280,Brianna Walton,42.0,Female,Ballside,Premium,2025-01-20,2025-02-02,Paid,2025-04-20,0
281,Paul Lewis,34.0,Female,East Brandy,Standard,2024-04-05,2024-04-22,Unpaid,2024-07-05,1
282,Christopher Rivera,62.0,Male,Brucestad,Standard,2024-01-01,2024-12-22,Unpaid,2025-01-01,1
283,Amanda Mcclure,49.0,Male,South Michellefurt,Standard,2023-10-16,2024-09-18,Unpaid,2024-10-16,1
284,Eric Villarreal PhD,29.0,Male,North Erinmouth,Standard,2023-07-11,2023-07-21,Unpaid,2024-01-11,1
285,Kelly Mendoza,32.0,Male,Heatherfort,Basic,2024-01-17,2024-03-29,Unpaid,2024-04-17,1
286,Shelly Jones,60.0,Male,Delgadofort,Basic,2023-07-24,2024-01-09,Unpaid,2024-01-24,1
287,Anna Henson,51.0,Female,Port Angelafurt,Basic,2024-05-12,2024-05-30,Paid,2024-08-12,1
288,Heather Ferguson,,Female,Melaniehaven,Premium,2023-03-28,2023-04-17,Unpaid,2023-04-28,1
289,Jamie Baker,50.0,Female,North Joshuaborough,Standard,2024-12-23,2025-04-19,Paid,2025-12-23,0
290,William Brooks,31.0,Female,South Johnbury,Standard,2023-05-10,2023-05-19,Paid,2023-06-10,1
291,Christian Mcmahon,39.0,Female,Walkershire,Basic,2024-01-22,2024-10-30,Paid,2025-01-22,1
292,Mrs. Carla Melton,32.0,Female,New Lindsay,Standard,2023-07-21,2023-11-09,Paid,2024-01-21,1
293,Tara Smith,40.0,Female,East Dennis,Premium,2023-07-29,2024-04-24,Paid,2024-07-29,1
294,Morgan Jones,37.0,Female,Port Edward,Basic,2024-03-26,2024-04-07,Paid,2024-06-26,1
295,Charles Davis,,Male,East Joseph,Standard,2023-12-19,2024-01-03,Paid,2024-03-19,1
296,Lucas Moore,59.0,Female,New Angela,Standard,2024-02-25,2024-11-19,Paid,2025-02-25,0
297,Christine Rivera,65.0,Male,Port Lisa,Premium,2024-02-13,2024-07-15,Paid,2024-08-13,1
298,Tammy Mccoy,51.0,Male,Rodriguezshire,Standard,2023-10-05,2024-01-16,Unpaid,2024-10-05,1
299,Jody Mitchell,,Male,Lake Jack,Premium,2023-06-20,,Unpaid,2024-06-20,1
300,John Long,24.0,Female,Lake Michael,Standard,2024-12-19,2025-03-28,Paid,2025-06-19,0
301,Anna Williams,19.0,Male,Lake Brianfurt,Premium,2024-11-28,2024-12-31,Paid,2025-05-28,0
302,Katherine Liu,42.0,Male,Seanport,Basic,2024-01-18,2024-01-26,Unpaid,2024-02-18,1
303,Melissa Hayes,63.0,Female,Justinbury,Basic,2024-10-18,2024-10-26,Paid,2025-01-18,1
304,James Wells,39.0,Male,Travistown,Standard,2024-09-10,,Unpaid,2024-10-10,1
305,Sandra Travis,40.0,Female,South Jennifer,Premium,2024-10-22,2025-02-10,Paid,2025-04-22,0
306,Terri Kirby,63.0,Female,Fernandezside,Basic,2024-04-24,2024-08-16,Paid,2024-10-24,1
307,Lauren Hughes,54.0,Female,Lake Benjaminland,Basic,2025-02-05,2025-02-17,Paid,2025-03-05,0
308,Thomas Hill,21.0,Female,Perezside,Premium,2024-12-30,2025-02-08,Paid,2025-03-30,0
309,David Moore,37.0,Female,Michaeltown,Standard,2024-01-19,2024-02-09,Paid,2024-02-19,1
310,Suzanne Carrillo,21.0,Female,Ronaldside,Standard,2024-01-14,2024-02-14,Unpaid,2025-01-14,1
311,Eric Simon,18.0,Male,Port Marissaview,Standard,2024-09-05,2024-09-23,Unpaid,2024-10-05,1
312,Carol Luna,43.0,Female,Washingtonfort,Premium,2023-05-17,2023-11-07,Paid,2023-11-17,1
313,Joseph Brewer,51.0,Female,East Jamesville,Premium,2025-01-09,2025-01-31,Paid,2025-02-09,0
314,Virginia Parker,38.0,Female,Johnsonmouth,Basic,2024-03-03,2024-10-29,Paid,2025-03-03,0
315,Peter Butler,21.0,Female,Alvaradoburgh,Basic,2024-03-02,2024-03-08,Unpaid,2024-04-02,1
316,Holly Rodriguez,45.0,Female,Mccoytown,Premium,2024-02-27,2024-03-16,Paid,2024-05-27,1
317,Steven Andrews,59.0,Female,Alexanderburgh,Basic,2024-03-04,2024-06-09,Unpaid,2024-09-04,1
318,Brian Hughes,35.0,Male,,Premium,2023-02-23,2023-03-03,Paid,2023-08-23,1
319,Steven Black,19.0,Female,Ianborough,Premium,2023-03-15,2023-05-24,Unpaid,2023-06-15,1
320,Ian Dunlap,53.0,Female,Johnsonbury,Premium,2023-12-06,2024-02-06,Paid,2024-06-06,1
321,Stephanie Wang,32.0,Female,South Lance,Basic,2023-07-16,2023-07-26,Unpaid,2024-07-16,1
322,Daniel Adkins,41.0,Female,Huntside,Standard,2023-07-21,2024-06-20,Unpaid,2024-07-21,1
323,Michael Harrison,22.0,Female,Lake Scottside,Basic,2025-01-17,,Paid,2026-01-17,0
324,Todd Gibson,33.0,Male,Lake Josephview,Premium,2024-08-11,2024-12-31,Paid,2025-02-11,0
325,Karen Garza,47.0,Male,Dunnville,Basic,2024-05-17,2024-05-24,Unpaid,2024-08-17,1
326,Paul Williams,,Male,South Joseph,Basic,2024-02-27,2024-05-19,Unpaid,2024-05-27,1
327,Mary Willis,33.0,Female,Angelafurt,Basic,2023-12-04,2024-02-15,Unpaid,2024-03-04,1
328,Mary Little,22.0,Male,West Carlymouth,Standard,2024-01-07,2024-03-03,Unpaid,2024-04-07,1
329,Leah Wilson,54.0,Female,Lake Michaela,Standard,2023-10-16,2024-03-03,Paid,2024-04-16,1
330,Tyler Johnson,,Male,East Sharonton,Basic,2023-07-05,2023-08-06,Paid,2023-10-05,1
331,Sara Thompson,54.0,Male,Shepherdshire,Premium,2023-04-14,2023-05-11,Unpaid,2023-10-14,1
332,Amanda Jackson,27.0,Male,Johnsonton,Standard,2023-11-17,2024-02-06,Unpaid,2024-02-17,1
333,Shawn Davis,24.0,Female,North Lisafort,Premium,2024-02-05,2024-05-04,Paid,2024-05-05,1
334,Shawn Ellison,18.0,Female,Lake Stanley,Premium,2023-12-27,2024-05-07,Paid,2024-06-27,1
335,Jared Bennett,28.0,Female,Port Valeriemouth,Premium,2023-09-02,2024-04-14,Paid,2024-09-02,1
336,Lindsey Santiago,56.0,Male,Bowersfurt,Standard,2024-08-29,2025-01-13,Paid,2025-02-28,0
337,Erika Espinoza,19.0,Female,Port Brian,Premium,2023-05-18,2023-10-28,Unpaid,2023-11-18,1
338,Matthew Evans,51.0,Male,Port Melissafurt,Standard,2024-06-13,2024-07-30,Unpaid,2024-09-13,1
339,David Evans,42.0,Male,Galvanmouth,Premium,2023-05-27,2023-09-13,Unpaid,2024-05-27,1
340,Sheri Barnes,51.0,Female,New Sarahfort,Basic,2025-01-17,2025-02-06,Paid,2025-02-17,0
341,John Kramer,49.0,Male,East Yeseniafort,Premium,2023-11-10,2023-12-05,Unpaid,2023-12-10,1
342,Dawn Thomas,,Female,East Aaronville,Premium,2023-10-09,2024-09-11,Unpaid,2024-10-09,1
343,Mark Jackson,28.0,Female,West Michelle,Basic,2024-08-23,2024-10-21,Paid,2024-11-23,1
344,Nancy Wright,58.0,Male,Wilkinsonton,Basic,2024-06-23,2024-08-12,Paid,2024-12-23,1
345,Matthew Williams,59.0,Male,East Tabitha,Premium,2023-09-28,2024-09-02,Paid,2024-09-28,1
346,Francisco Green,63.0,Male,Staffordmouth,Basic,2023-11-07,2024-01-31,Paid,2024-02-07,1
347,Jerry Olson,22.0,Female,Billyside,Premium,2023-08-26,2023-09-15,Paid,2023-09-26,1
348,Eric Howard,43.0,Female,Laurieburgh,Standard,2024-09-03,,Paid,2025-09-03,0
349,Michael Cisneros,26.0,Male,Charlesberg,Basic,2024-07-02,2024-07-22,Unpaid,2024-08-02,1
350,Martha Bryant,60.0,Male,Port Josephville,Premium,2024-08-18,2024-08-25,Unpaid,2024-09-18,1
351,Samantha Medina,29.0,Male,Spencerfort,Standard,2024-05-07,2024-05-29,Unpaid,2024-06-07,1
352,Emily Green,46.0,Male,North Shane,Basic,2024-06-05,2025-01-21,Paid,2025-06-05,0
353,Melissa Bowman,59.0,Female,Hornechester,Premium,2023-04-01,2023-07-24,Unpaid,2024-04-01,1
354,Denise Weber,59.0,Male,Robinsonmouth,Premium,2024-06-24,2024-07-27,Paid,2024-09-24,1
355,Brittany Berry PhD,61.0,Male,Floresfort,Standard,2023-06-06,2023-10-15,Unpaid,2023-12-06,1
356,Kimberly Villanueva,34.0,Female,Bryantown,Premium,2023-08-21,2023-09-06,Paid,2023-09-21,1
357,Angela Sanders,57.0,Male,Danabury,Premium,2024-04-10,2024-07-20,Paid,2024-10-10,1
358,Vicki Lee,32.0,Male,New Claudia,Premium,2023-04-21,2024-03-16,Unpaid,2024-04-21,1
359,Mark King,24.0,Male,North Jeffreyland,Standard,2023-04-13,2023-05-10,Unpaid,2023-05-13,1
360,Brian Bryan,52.0,Female,North Charlotte,Standard,2024-02-14,,Unpaid,2024-05-14,1
361,Mr. Vincent Douglas,38.0,Male,Port Elizabethville,Premium,2024-06-10,2024-08-01,Paid,2024-09-10,1
362,Kenneth Brown,38.0,Male,Aaronland,Basic,2024-06-06,2024-06-15,Unpaid,2024-07-06,1
363,Mr. Brent Martinez,38.0,Male,,Basic,2023-05-06,2023-10-28,Unpaid,2024-05-06,1
364,Michael Weiss,23.0,Male,Brittanyfurt,Premium,2024-05-03,2024-09-21,Paid,2024-11-03,1
365,Lori Stokes,63.0,Male,East Carolfurt,Standard,2024-01-02,2024-02-01,Unpaid,2024-02-02,1
366,Sabrina Burns,43.0,Female,East Tyler,Basic,2023-10-05,2024-07-31,Paid,2024-10-05,1
367,Samantha Gallegos,44.0,Male,Lake Robertfurt,Basic,2024-03-21,2024-09-23,Paid,2025-03-21,0
368,Daniel Rodriguez,34.0,Female,North Bridgetburgh,Premium,2023-11-25,2024-01-08,Unpaid,2024-02-25,1
369,Amy Ramirez,24.0,Female,South Terriville,Basic,2024-01-23,2024-06-12,Unpaid,2024-07-23,1
370,Mikayla Lee,27.0,Female,North Jeremy,Basic,2024-11-11,2025-03-14,Paid,2025-11-11,0
371,Jasmine Boyer,48.0,Female,Tammyton,Standard,2024-07-18,2024-09-16,Unpaid,2024-10-18,1
372,Daryl Clarke,52.0,Male,East Mark,Premium,2024-01-30,2024-02-10,Unpaid,2024-02-29,1
373,Joel Erickson,45.0,Female,,Standard,2024-01-31,2024-02-15,Unpaid,2024-02-29,1
374,Dustin Perez,51.0,Male,Lindseyfort,Standard,2023-02-22,2023-03-04,Paid,2023-03-22,1
375,Crystal Turner,64.0,Male,New Wayne,Basic,2024-01-05,2024-02-01,Unpaid,2024-02-05,1
376,John Evans,35.0,Male,Robertland,Basic,2024-03-23,2024-04-05,Paid,2024-09-23,1
377,Alan Watkins,32.0,Female,Odonnellchester,Basic,2024-04-12,,Paid,2024-07-12,1
378,Roy Flynn,58.0,Female,Lake Veronica,Premium,2023-11-12,2023-11-19,Paid,2023-12-12,1
379,Brandon Martinez,34.0,Female,Lake Christopherburgh,Basic,2025-01-11,2025-08-11,Paid,2026-01-11,0
380,Michelle Gordon,25.0,Male,Schneiderstad,Standard,2024-09-15,2024-10-16,Unpaid,2024-12-15,1
381,Robert Gonzalez,60.0,Male,Owensfurt,Standard,2024-05-31,,Unpaid,2024-11-30,1
382,Jose Mitchell,46.0,Male,North Nicholasmouth,Premium,2024-08-06,2024-08-07,Unpaid,2024-09-06,1
383,Melissa Romero,,Female,New Larrystad,Standard,2024-02-13,2024-02-25,Unpaid,2024-03-13,1
384,James Smith,37.0,Male,Lake Theresa,Standard,2023-10-21,2023-11-27,Unpaid,2024-01-21,1
385,Susan Martinez,28.0,Female,South Paulaville,Premium,2023-03-02,2023-05-06,Paid,2023-06-02,1
386,Ryan Hunter,22.0,Female,New Angelaborough,Standard,2023-10-16,2023-10-17,Unpaid,2024-01-16,1
387,Kimberly Harrison,30.0,Female,Craigmouth,Standard,2024-06-23,2024-08-08,Paid,2024-09-23,1
388,Aaron Jones,42.0,Female,East Nicholas,Standard,2023-11-21,2024-03-07,Paid,2024-05-21,1
389,Christy Montgomery,25.0,Female,Reevesborough,Premium,2024-07-05,2024-07-19,Paid,2025-01-05,1
390,Dawn Chavez,51.0,Male,Jeffreyburgh,Basic,2024-08-14,2025-07-03,Paid,2025-08-14,0
391,Kelly Parker,30.0,Male,Stacybury,Premium,2024-06-24,2025-05-09,Paid,2025-06-24,0
392,Nancy Glover,49.0,Female,Lake Jessicatown,Premium,2024-03-07,2024-06-09,Paid,2024-09-07,1
393,Julian Rodriguez,49.0,Male,Brownstad,Standard,2024-11-02,2024-11-20,Paid,2024-12-02,1
394,Kelli Stewart,50.0,Male,Lake Carly,Basic,2024-04-23,2024-07-01,Paid,2024-07-23,1
395,Jordan Taylor,21.0,Male,East Meghanbury,Basic,2024-05-14,2024-06-10,Paid,2024-06-14,1
396,Mary Smith,,Female,New Lindsayview,Standard,2023-07-11,2023-07-30,Unpaid,2023-08-11,1
397,Rachel Reyes,50.0,Female,,Premium,2023-02-24,2023-04-11,Unpaid,2023-05-24,1
398,David Park,26.0,Male,Markville,Premium,2024-08-18,2024-09-05,Unpaid,2024-11-18,1
399,Michael Travis,37.0,Male,Boyleville,Basic,2024-11-21,,Unpaid,2024-12-21,1
400,Mandy Lowe,49.0,Male,Derrickview,Premium,2024-05-19,2024-05-27,Unpaid,2024-11-19,1
401,Alexander Hopkins,50.0,Male,Blairborough,Premium,2023-03-17,2023-05-21,Unpaid,2023-06-17,1
402,Raven Baldwin,54.0,Female,New Virginia,Standard,2023-08-24,2023-11-11,Paid,2023-11-24,1
403,Katherine Burnett,25.0,Female,North Jessicamouth,Premium,2023-09-04,2023-09-21,Unpaid,2024-03-04,1
404,Brianna Wilson,20.0,Female,Lake Michaeltown,Basic,2023-07-27,2023-10-06,Paid,2023-10-27,1
405,Hannah Hughes,27.0,Male,Lake Vincent,Basic,2023-10-25,2023-11-04,Unpaid,2023-11-25,1
406,Jeffrey Ballard,58.0,Male,Lake Meganland,Premium,2024-06-21,,Paid,2024-12-21,1
407,Michelle Duke DVM,28.0,Female,Victoriastad,Basic,2024-03-17,2024-03-27,Unpaid,2024-06-17,1
408,Anna Dickerson,55.0,Female,Reneefurt,Standard,2024-06-17,2024-08-04,Unpaid,2024-12-17,1
409,Shelia Hunter,33.0,Male,West Anthonyview,Basic,2023-11-17,2024-02-04,Unpaid,2024-11-17,1
410,Brandon Olson,30.0,Male,West Todd,Standard,2024-03-18,2024-04-20,Unpaid,2024-06-18,1
411,Charles Kelly,24.0,Male,West Kennethmouth,Basic,2023-02-12,2023-07-13,Paid,2023-08-12,1
412,Jennifer Brewer,51.0,Male,North Stuart,Basic,2023-08-01,2023-09-22,Unpaid,2023-11-01,1
413,Linda Welch,60.0,Female,Hillshire,Basic,2023-08-07,2023-09-05,Paid,2023-09-07,1
414,Jennifer Sawyer,40.0,Female,New Ryan,Premium,2023-11-26,2024-09-11,Unpaid,2024-11-26,1
415,Haley Peterson,57.0,Female,Lake Danielchester,Standard,2025-01-22,,Paid,2025-02-22,0
416,Tamara Evans,44.0,Female,Clarkfort,Standard,2024-02-06,2024-02-09,Paid,2024-03-06,1
417,Michael Small,52.0,Female,,Standard,2024-01-09,2024-06-10,Unpaid,2025-01-09,1
418,Ryan Trujillo,44.0,Male,Lake Jane,Premium,2024-06-15,2024-06-30,Unpaid,2024-07-15,1
419,Jonathan West,48.0,Male,Williamsshire,Standard,2023-03-14,2023-03-29,Unpaid,2023-06-14,1
420,Geoffrey Morales,59.0,Female,Hoodton,Premium,2023-04-22,2023-05-19,Unpaid,2023-05-22,1
421,Amy Carson,56.0,Male,Port Karen,Premium,2024-04-24,2024-05-04,Unpaid,2024-05-24,1
422,Susan Perry,18.0,Male,North Alyssafort,Standard,2024-04-03,2024-05-04,Paid,2024-10-03,1
423,Amanda Coleman,22.0,Male,East Marystad,Basic,2023-09-26,2024-07-17,Paid,2024-09-26,1
424,Stephanie Martin,41.0,Male,North Codyside,Standard,2025-01-18,2025-02-25,Paid,2025-04-18,0
425,Jennifer Franklin,29.0,Female,Roberttown,Standard,2023-12-03,2023-12-23,Paid,2024-01-03,1
426,Latasha Snyder,61.0,Male,Kellyshire,Basic,2024-08-25,2024-10-25,Paid,2025-02-25,0
427,Debra Rogers,46.0,Female,Lake Christophertown,Basic,2023-12-02,2023-12-21,Paid,2024-12-02,1
428,Melinda Santana,39.0,Female,Aguilarside,Standard,2024-06-04,2024-06-14,Paid,2024-07-04,1
429,Travis Luna,58.0,Female,Navarrochester,Basic,2024-06-16,2024-07-12,Unpaid,2024-12-16,1
430,Terry Moon,27.0,Male,Port Shelley,Basic,2024-08-23,2024-09-05,Paid,2024-11-23,1
431,Amber Gardner,47.0,Male,Smithchester,Basic,2023-11-21,2024-01-08,Unpaid,2024-05-21,1
432,Timothy Reese,36.0,Male,Williamborough,Standard,2023-11-13,2024-01-06,Unpaid,2024-05-13,1
433,Brian Miller,21.0,Male,Caitlynborough,Basic,2024-03-19,,Paid,2024-04-19,1
434,Nicole Clark,55.0,Female,Erictown,Basic,2024-06-06,2024-08-27,Unpaid,2024-09-06,1
435,Courtney Cordova,26.0,Female,Port Tiffany,Basic,2024-09-05,2024-10-28,Paid,2025-03-05,0
436,Charles Thornton,62.0,Male,Williamsside,Premium,2023-02-17,2023-04-20,Unpaid,2023-05-17,1
437,Christine Miller,34.0,Female,Simmonsland,Standard,2024-08-13,2024-10-27,Paid,2024-11-13,1
438,Anna Edwards,57.0,Male,Parkerville,Standard,2024-02-01,2024-02-27,Unpaid,2024-03-01,1
439,Courtney Miller,36.0,Female,Lake Hannahfort,Basic,2024-07-29,2025-01-05,Paid,2025-07-29,0
440,Ricky Ruiz,20.0,Male,Lake Rebeccaview,Standard,2024-03-03,2024-05-22,Unpaid,2024-06-03,1
441,Judith Martinez,63.0,Male,Bowersland,Basic,2023-05-20,2023-08-01,Unpaid,2023-08-20,1
442,Jasmine Gregory,34.0,Female,Shaneburgh,Premium,2023-04-28,2023-05-07,Paid,2023-05-28,1
443,Roberta Walker,45.0,Female,Meganmouth,Standard,2024-03-30,2024-08-13,Unpaid,2024-09-30,1
444,Jason Carpenter,52.0,Female,North Ryanside,Standard,2023-04-26,2023-07-11,Unpaid,2024-04-26,1
445,Jared Odom,56.0,Female,South Corey,Standard,2024-03-29,2024-04-30,Paid,2024-06-29,1
446,Catherine Austin,60.0,Male,West Robertland,Standard,2023-11-11,,Unpaid,2024-11-11,1
447,Kevin Duncan,63.0,Female,West Juliafurt,Basic,2023-06-17,2023-07-14,Unpaid,2023-07-17,1
448,Alyssa Johnson,47.0,Male,Ericksonbury,Premium,2025-02-06,2025-04-17,Paid,2025-08-06,0
449,James Miller,53.0,Male,East Jeffreymouth,Basic,2025-01-23,2025-02-03,Paid,2026-01-23,0
450,Diamond Clark,28.0,Female,Edwardston,Basic,2024-01-21,2024-02-02,Paid,2024-02-21,1
451,Andrew Williams,25.0,Male,Stevensburgh,Premium,2024-06-05,2024-06-19,Unpaid,2024-07-05,1
452,Christopher Marshall,,Female,Cochranchester,Standard,2023-02-26,2023-05-06,Paid,2023-08-26,1
453,Richard Jordan,65.0,Male,New Scottmouth,Premium,2024-06-27,2024-09-17,Paid,2025-06-27,0
454,Jeffrey Kelly,57.0,Male,East Alexandria,Basic,2024-10-01,2025-02-20,Paid,2025-10-01,0
455,Albert Heath,53.0,Female,Jessicabury,Premium,2024-01-05,2024-05-14,Paid,2024-07-05,1
456,Tony Hess,62.0,Female,Schaeferton,Premium,2024-12-10,2025-05-18,Paid,2025-12-10,0
457,William Wilson,48.0,Male,Lake Brandi,Premium,2023-04-27,2023-06-14,Unpaid,2024-04-27,1
458,Karen Phillips,63.0,Male,New Nancyburgh,Standard,2023-07-09,2023-08-04,Unpaid,2023-08-09,1
459,Ryan Gutierrez,25.0,Female,Port Josephmouth,Basic,2024-04-26,2024-08-04,Paid,2025-04-26,0
460,Jason Mason,60.0,Male,West Johnton,Basic,2023-10-08,2024-02-20,Paid,2024-04-08,1
461,Albert Smith,62.0,Male,North Alexandra,Standard,2024-06-01,2024-06-10,Paid,2024-07-01,1
462,Elizabeth Wood,64.0,Female,Annahaven,Premium,2025-01-21,2025-01-21,Paid,2025-02-21,0
463,Corey Reed,39.0,Female,Gillburgh,Standard,2024-09-30,2024-10-08,Paid,2024-10-30,1
464,Shari Cobb,36.0,Female,Sarahchester,Premium,2024-10-01,2024-10-02,Paid,2024-11-01,1
465,William Lopez,41.0,Male,West Brandon,Standard,2023-08-06,2023-08-26,Paid,2023-09-06,1
466,Phillip Alvarado,56.0,Female,North Lisa,Basic,2023-04-29,2023-07-13,Paid,2023-07-29,1
467,Ann Welch,51.0,Male,North Jamesstad,Standard,2023-05-06,2023-09-15,Unpaid,2024-05-06,1
468,Dr. Matthew Lewis PhD,22.0,Female,Danielleburgh,Standard,2023-08-23,2023-09-20,Unpaid,2023-09-23,1
469,Brett Juarez,49.0,Male,West Tonimouth,Basic,2024-04-04,2024-07-09,Paid,2024-10-04,1
470,Nicholas Carey,31.0,Male,Clarkfort,Premium,2024-07-30,2024-08-02,Paid,2024-08-30,1
471,Austin Rodriguez,60.0,Female,Lake Alexismouth,Premium,2024-06-23,2024-07-25,Paid,2024-12-23,1
472,Heather Wagner,51.0,Female,Carlachester,Basic,2023-02-23,2023-03-25,Unpaid,2023-05-23,1
473,Jenna Blake,51.0,Female,Suttonview,Standard,2024-02-17,2024-03-15,Unpaid,2024-03-17,1
474,Jason Curry,46.0,Male,North Christina,Basic,2024-10-31,2025-06-27,Paid,2025-10-31,0
475,Linda Haynes,42.0,Female,South Joshuahaven,Premium,2023-06-15,2023-08-06,Paid,2023-09-15,1
476,Diane Sanders MD,65.0,Male,East Heather,Standard,2023-08-22,2023-09-14,Unpaid,2023-09-22,1
477,Lawrence Zimmerman,30.0,Male,West Christopherside,Standard,2023-09-02,2023-12-31,Paid,2024-03-02,1
478,Tom Maldonado,47.0,Female,Lake Angela,Basic,2024-06-13,2024-06-15,Paid,2025-06-13,0
479,Kelly Ali,51.0,Male,South Jademouth,Basic,2025-01-04,,Paid,2026-01-04,0
480,Brandi Huang,20.0,Female,West Curtis,Premium,2023-09-26,2023-10-04,Unpaid,2023-10-26,1
481,Larry Roberts,52.0,Female,Jacksonborough,Premium,2024-10-28,2024-12-19,Paid,2025-10-28,0
482,Laura Garcia,61.0,Male,South Robert,Premium,2023-03-02,2023-05-19,Paid,2023-06-02,1
483,Kevin Blanchard,42.0,Female,Port Amandabury,Premium,2024-09-17,2024-10-29,Unpaid,2024-12-17,1
484,Victor Hess,,Female,Amyshire,Standard,2024-08-10,2024-08-20,Paid,2024-11-10,1
485,Joshua Cole MD,47.0,Female,Mccannton,Premium,2024-02-26,2024-06-16,Paid,2025-02-26,0
486,Jennifer Obrien,40.0,Female,East Hollyburgh,Premium,2023-03-13,2023-12-03,Paid,2024-03-13,1
487,Felicia Aguilar,23.0,Female,Laurenborough,Standard,2024-11-17,2024-11-25,Unpaid,2024-12-17,1
488,Raven Ross,32.0,Male,West Markfort,Standard,2024-09-11,2024-09-15,Paid,2024-10-11,1
489,Drew Hernandez,33.0,Male,New Monicaton,Premium,2024-08-25,,Paid,2025-02-25,0
490,Mr. Andrew Robles,48.0,Female,Port William,Premium,2023-03-14,2023-04-05,Unpaid,2023-09-14,1
491,Patrick Wyatt,51.0,Female,Rodriguezside,Premium,2025-01-05,2025-01-11,Paid,2025-02-05,1
492,Miss Emily Barrett,37.0,Male,Clarkmouth,Premium,2024-12-17,2025-08-16,Paid,2025-12-17,0
493,Manuel Wang II,44.0,Male,North Aprilport,Standard,2023-11-27,2024-03-13,Unpaid,2024-11-27,1
494,Eric Norris,22.0,Male,Tylermouth,Standard,2024-12-17,2024-12-21,Unpaid,2025-01-17,1
495,Eric Ross,64.0,Male,Port Chelsea,Standard,2024-07-02,2024-07-07,Unpaid,2024-08-02,1
496,Andrew Anderson,40.0,Male,North Kathleen,Standard,2024-06-28,,Paid,2024-07-28,1
497,Andrew Jones,33.0,Female,Kimberlyburgh,Standard,2023-07-12,2023-10-19,Unpaid,2024-01-12,1
498,Julie Castro,46.0,Female,Griffithville,Premium,2024-03-31,2024-06-20,Paid,2024-06-30,1
499,Mrs. Casey Castro MD,37.0,Female,East Georgeberg,Basic,2024-09-03,2024-09-07,Unpaid,2024-10-03,1
500,Danielle Wolfe,27.0,Female,Markfort,Premium,2023-04-28,2024-04-23,Unpaid,2024-04-28,1
